4,1,4,1,4,1,4,1,4,1
4,1,4,1,4,1,4,1,4,1
,,,,,,,,,
1328024229952,1,4,1,4,1,4,1,4,1,4
1328024339673,,,,,,,,,,
1328025407388
1328026129670
1328026465527
1328028505139,1328028511864,1328028512696,,1328028513976,1328028514544,,1328028515944,1328028516296,
1328028568861,1328028588045,1328028588653,sdfdsfdsf,1328028591693,1328028595902,dsfdsf
dsf
dsf
sdf
,1328028598845,1328028602741,rwerewrewrewrewrewrewr
1328028713491,1328028734590,1328028734990,,1328028735870,1328028736246,,1328028737446,1328028737910,
1328086246458,,,,,,,,,
1328086311732,,,,,,,,,
1328086398683,,,,,,,,,
1328086421840,,,,,,,,,
1328089153819,,,,,,,,,
1328102092216,Laptop,1328102100788,1328102101796,,SqueezeBox,1328102104699,1328102105563,,Printer,1328102109347,1328102110540,
